{
    "cell_name": "SIN_FGC_TE_O",
    "layers": {
      "50/4": "TECH.LAYER.SINTCH",
      "120/0": "TECH.LAYER.BB",
      "1002/0": "TECH.LAYER.PINREC",
      "1000/0": "TECH.LAYER.DOC"
    },
    "ports": [
      {
          "name": "out1",
          "position": [
            65.273,
            19.669
          ],
          "orientation": {
            "degrees": 0
          },
          "waveguide_type": {
            "override": "TECH.WG.Channel.O.WIRE",
            "values": {
              "core_layout_width": 1.1
            }
          }
      }
    ]
}