{
    "cell_name": "SIN_Ring_resonator_R100_O",
    "layers": {
      "50/4": "TECH.LAYER.SINTCH",
      "120/0": "TECH.LAYER.BB",
      "1002/0": "TECH.LAYER.PINREC",
      "1000/0": "TECH.LAYER.DOC"
    },
    "ports": [
      {
          "name": "in1",
          "position": [
            0,
            218.35
          ],
          "orientation": {
            "degrees": 180
          },
          "waveguide_type": {
            "override": "TECH.WG.Channel.O.WIRE",
            "values": {
              "core_layout_width": 1.1
            }
          }
      },
      {
          "name": "in2",
          "position": [
            0,
            15.55
          ],
          "orientation": {
            "degrees": 180
          },
          "waveguide_type": {
            "override": "TECH.WG.Channel.O.WIRE",
            "values": {
              "core_layout_width": 1.1
            }
          }
      },
      {
          "name": "out1",
          "position": [
            273.341,
            218.35
          ],
          "orientation": {
            "degrees": 0
          },
          "waveguide_type": {
            "override": "TECH.WG.Channel.O.WIRE",
            "values": {
              "core_layout_width": 1.1
            }
          }
      },
            {
          "name": "out2",
          "position": [
            273.341,
            15.55
          ],
          "orientation": {
            "degrees": 0
          },
          "waveguide_type": {
            "override": "TECH.WG.Channel.O.WIRE",
            "values": {
              "core_layout_width": 1.1
            }
          }
      }
    ]
}