{
    "cell_name": "SIN_ChannelWG_C_WG1500",
    "layers": {
      "50/2": "TECH.LAYER.SINCOR",
      "50/3": "TECH.LAYER.SINCLD",
      "50/4": "TECH.LAYER.SINTCH",
      "120/0": "TECH.LAYER.BB",
      "1002/0": "TECH.LAYER.PINREC",
      "1000/0": "TECH.LAYER.DOC"
    },
    "ports": [
      {
          "name": "in1",
          "position": [
            0,
            10.75
          ],
          "orientation": {
            "degrees": 180
          },
          "waveguide_type": {
            "override": "TECH.WG.Channel.C.WIRE",
            "values": {
              "core_layout_width": 1.5
            }
          }
      },
            {
          "name": "out1",
          "position": [
            20,
            10.75
          ],
          "orientation": {
            "degrees": 0
          },
          "waveguide_type": {
            "override": "TECH.WG.Channel.C.WIRE",
            "values": {
              "core_layout_width": 1.5
            }
          }
      }
    ]
}