{
    "cell_name": "SIN_ChannelWG_O_WG1100",
    "layers": {
      "10/2": "TECH.LAYER.FECOR",
      "10/3": "TECH.LAYER.FECLD",
      "10/4": "TECH.LAYER.FETCH",
      "120/0": "TECH.LAYER.BB",
      "1002/0": "TECH.LAYER.PINREC"
    },
    "ports": [
      {
          "name": "in1",
          "position": [
            0,
            10.55
          ],
          "orientation": {
            "degrees": 180
          },
          "waveguide_type": {
            "override": "TECH.WG.Channel.O.WIRE",
            "values": {
              "core_layout_width": 1.1
            }
          }
      },
            {
          "name": "out1",
          "position": [
            20,
            10.55
          ],
          "orientation": {
            "degrees": 0
          },
          "waveguide_type": {
            "override": "TECH.WG.Channel.O.WIRE",
            "values": {
              "core_layout_width": 1.1
            }
          }
      }
    ]
}